--CATEGORY Table
INSERT INTO CATEGORY (ID,NAME,DESCRIPTION) values (1,'FOOD','FOOD description');
INSERT INTO CATEGORY (ID,NAME) values (2,'TOOL');
INSERT INTO CATEGORY (ID,NAME,DESCRIPTION,PARENT_CATEGORY_ID) values (3,'MEAT','MEAT description',1);
INSERT INTO CATEGORY (ID,NAME,DESCRIPTION,PARENT_CATEGORY_ID) values (4,'BEEF','BEEF description',3);
INSERT INTO CATEGORY (ID,NAME,DESCRIPTION,PARENT_CATEGORY_ID) values (5,'BREAD','BREAD description',1);

-- PRODUCT_TYPE Table
INSERT INTO PRODUCT_TYPE (ID, CATEGORY_ID, NAME, UNITS_OF_MEASUREMENT) values (1, 1, 'Onion', 'KILOGRAM');
INSERT INTO PRODUCT_TYPE (ID, CATEGORY_ID, NAME, UNITS_OF_MEASUREMENT) values (2, 1, 'Egg', 'ITEM');
INSERT INTO PRODUCT_TYPE (ID, CATEGORY_ID, NAME, UNITS_OF_MEASUREMENT) values (3, 1, 'Apple', 'KILOGRAM');
INSERT INTO PRODUCT_TYPE (ID, CATEGORY_ID, NAME, UNITS_OF_MEASUREMENT) values (4, 2, 'Bread Knife', 'ITEM');
INSERT INTO PRODUCT_TYPE (ID, CATEGORY_ID, NAME, UNITS_OF_MEASUREMENT) values (5, 4, 'Steak', 'ITEM');

-- PRODUCT Table
INSERT INTO PRODUCT (ID, PRODUCT_TYPE_ID, ADD_TO_WAREHOUSE_DATE, EXPIRY_DATE, QUANTITY) values (1, 1, '2019-06-05', '2019-07-05', 1);
INSERT INTO PRODUCT (ID, PRODUCT_TYPE_ID, ADD_TO_WAREHOUSE_DATE, EXPIRY_DATE, QUANTITY) values (2, 2, '2019-06-05', '2019-07-05', 1);
INSERT INTO PRODUCT (ID, PRODUCT_TYPE_ID, ADD_TO_WAREHOUSE_DATE, EXPIRY_DATE, QUANTITY) values (3, 3, '2019-06-05', '2019-07-05', 45);
INSERT INTO PRODUCT (ID, PRODUCT_TYPE_ID, ADD_TO_WAREHOUSE_DATE, EXPIRY_DATE, QUANTITY) values (4, 3, '2019-06-06', '2019-09-05', 2);
INSERT INTO PRODUCT (ID, PRODUCT_TYPE_ID, ADD_TO_WAREHOUSE_DATE, QUANTITY) values (5, 4, '2019-06-06', 2);
INSERT INTO PRODUCT (ID, PRODUCT_TYPE_ID, ADD_TO_WAREHOUSE_DATE, EXPIRY_DATE, QUANTITY) values (6, 5, '2019-06-06', '2019-09-05', 5);